name,group
Andes Rail Trail,Andes Trails
Bullet Hole Spur,Andes Trails
Bramley Quarry Trail,Bramley Mtn Trails
Bramley Summit Trail,Bramley Mtn Trails
Ashokan Quarry Loop,Ashokan Quarry Trails
Ashokan Quarry RR Spur,Ashokan Quarry Trails
Palmer Hill Farmstead Trail,Palmer Hill Trails
Palmer Hill Lower Meadow Trail,Palmer Hill Trails
Palmer Hill Upper Meadow Trail,Palmer Hill Trails
Snake Pond Trail,Shavertown Trails
Tremperskill Overlook Trail,Shavertown Trails
Smith Pond Trail,Delhi Trails
Bulldog Run,Delhi Trails
Gribley Trail,Delhi Trails
Frightful Falls Trail,Delhi Trails